ID,TYPE,TARGET
21943,AVK Access Point,48
17983,AVK Access Point,48
21956,AVK Access Point,48
17984,AVK Access Point,48
17974,AVK Access Point,48
17989,AVK Access Point,48
21853,AVK Access Point,48
21953,AVK Access Point,48
22056,AVK Access Point,48
22114,AVK Access Point,48
17985,AVK Access Point,48
21884,AVK Access Point,48
17966,AVK Access Point,48
22108,AVK Access Point,48
21872,AVK Access Point,48
22132,AVK Access Point,48
21960,AVK Access Point,48
21868,AVK Access Point,48
22109,AVK Access Point,48
22067,AVK Access Point,48
22085,AVK Access Point,48
21984,AVK Access Point,48
17987,AVK Access Point,48
22011,AVK Access Point,48
22017,AVK Access Point,48
17976,AVK Access Point,48
17986,AVK Access Point,48
17982,AVK Access Point,48
17965,AVK Access Point,48
17968,AVK Access Point,48
17972,AVK Access Point,48
17979,AVK Access Point,48
17970,AVK Access Point,48
17977,AVK Access Point,48
22869,AVK Access Point,48
17988,AVK Access Point,48
17990,AVK Access Point,48
17969,AVK Access Point,48
21891,AVK Access Point,48
23033,AVK Access Point,48
23100,AVK Access Point,48
23024,AVK Access Point,48
23017,AVK Access Point,48
23023,AVK Access Point,48
23034,AVK Access Point,48
23025,AVK Access Point,48
23097,AVK Access Point,48
23095,AVK Access Point,48
23098,AVK Access Point,48
23093,AVK Access Point,48
23094,AVK Access Point,48
23044,AVK Access Point,48
23035,AVK Access Point,48
23099,AVK Access Point,48
23096,AVK Access Point,48
23011,AVK Access Point,48
23012,AVK Access Point,48
23036,AVK Access Point,48
21824,AVK Access Point,48
21865,AVK Access Point,48
17777,AVK Printer,71
18531,AVK Printer,71
21852,AVK Access Point,48
21886,AVK Access Point,48
22015,AVK Access Point,48
21866,AVK Access Point,48
22117,AVK Access Point,48
22102,AVK Access Point,48
21908,AVK Access Point,48
21980,AVK Access Point,48
22112,AVK Access Point,48
21981,AVK Access Point,48
22057,AVK Access Point,48
22080,AVK Access Point,48
21963,AVK Access Point,48
21946,AVK Access Point,48
21873,AVK Access Point,48
22018,AVK Access Point,48
22144,AVK Access Point,48
22138,AVK Access Point,48
21972,AVK Access Point,48
21950,AVK Access Point,48
22086,AVK Access Point,48
21833,AVK Access Point,48
21825,AVK Access Point,48
22037,AVK Access Point,48
22104,AVK Access Point,48
22044,AVK Access Point,48
21928,AVK Access Point,48
22103,AVK Access Point,48
22053,AVK Access Point,48
21844,AVK Access Point,48
22133,AVK Access Point,48
22063,AVK Access Point,48
22059,AVK Access Point,48
21954,AVK Access Point,48
21890,AVK Access Point,48
22060,AVK Access Point,48
21919,AVK Access Point,48
21958,AVK Access Point,48
21888,AVK Access Point,48
21967,AVK Access Point,48
22016,AVK Access Point,48
21934,AVK Access Point,48
22038,AVK Access Point,48
21968,AVK Access Point,48
21902,AVK Access Point,48
23132,AVK Access Point,48
23130,AVK Access Point,48
23131,AVK Access Point,48
18435,AVK Switch,149
21043,AVK Switch,149
18772,AVK Switch,149
22262,AVK Switch,149
18323,AVK Printer,71
22477,AVK IP Phone,146
20691,AVK Printer,71
18002,AVK Access Point,48
20102,AVK IP Phone,146
19350,AVK Firewall,111
19839,AVK Network Storage,150
17981,AVK Access Point,48
21846,AVK Access Point,48
21997,AVK Access Point,48
17978,AVK Access Point,48
21929,AVK Access Point,48
22128,AVK Access Point,48
21827,AVK Access Point,48
21906,AVK Access Point,48
21915,AVK Access Point,48
17964,AVK Access Point,48
21907,AVK Access Point,48
17956,AVK Access Point,48
22140,AVK Access Point,48
17971,AVK Access Point,48
21976,AVK Access Point,48
17967,AVK Access Point,48
21826,AVK Access Point,48
17975,AVK Access Point,48
18650,AVK Hypervisor,151
19842,AVK Printer,71
21328,AVK Hypervisor,151
19844,AVK Firewall,111
19845,AVK Switch,149
18335,AVK Switch,149
18322,AVK Switch,149
19712,AVK Hypervisor,151
21067,AVK Hypervisor,151
18342,AVK Firewall,111
19397,AVK Network Storage,150
19713,AVK Hypervisor,151
18339,AVK Switch,149
18343,AVK Firewall,111
19711,AVK Hypervisor,151
19846,AVK Access Point,48
21302,AVK Printer,71
18497,AVK Printer,71
18616,AVK Printer,71
21348,AVK Printer,71
17800,AVK Printer,71
18942,AVK Printer,71
21264,AVK Access Point,48
21132,AVK Access Point,48
20968,AVK Access Point,48
21140,AVK Access Point,48
21126,AVK Access Point,48
21239,AVK Access Point,48
21243,AVK Access Point,48
21295,AVK Firewall,111
18815,AVK Access Point,48
18816,AVK Access Point,48
18874,AVK Access Point,48
18865,AVK Access Point,48
18872,AVK Access Point,48
18886,AVK Access Point,48
18885,AVK Access Point,48
18884,AVK Access Point,48
18880,AVK Access Point,48
18890,AVK Access Point,48
18878,AVK Access Point,48
20067,AVK Access Point,48
20160,AVK Printer,71
21314,AVK IP Phone,146
17782,AVK Printer,71
19361,AVK IP Phone,146
19600,AVK UPS,29
17716,AVK UPS,29
17663,AVK UPS,29
18279,AVK UPS,29
17717,AVK UPS,29
17712,AVK UPS,29
21048,AVK UPS,29
17639,AVK UPS,29
18316,AVK UPS,29
21233,AVK Access Point,48
19936,AVK Access Point,48
19938,AVK Access Point,48
20023,AVK Access Point,48
19937,AVK Access Point,48
18449,AVK Printer,71
20376,AVK IP Phone,146
18336,AVK Printer,71
22750,AVK Router,154
22590,AVK Printer,71
22593,AVK Switch,149
22592,AVK UPS,29
20426,AVK IP Phone,146
19714,AVK Hypervisor,151
21338,AVK Hypervisor,151
20424,AVK IP Phone,146
20421,AVK IP Phone,146
20382,AVK IP Phone,146
18619,AVK Hypervisor,151
19297,AVK Hypervisor,151
20402,AVK IP Phone,146
20388,AVK IP Phone,146
20384,AVK IP Phone,146
19768,AVK Firewall,111
19930,AVK Firewall,111
20389,AVK IP Phone,146
20377,AVK IP Phone,146
20379,AVK IP Phone,146
20407,AVK IP Phone,146
20413,AVK IP Phone,146
20415,AVK IP Phone,146
19721,AVK UPS,29
20577,AVK IP Phone,146
20531,AVK IP Phone,146
19528,AVK Switch,149
19398,AVK Printer,71
18678,AVK Printer,71
18923,AVK Printer,71
18793,AVK Printer,71
18869,AVK Access Point,48
21042,AVK PBX,156
17823,AVK IP Phone,146
17874,AVK IP Phone,146
21313,AVK Router,154
21292,AVK Network Storage,150
21308,AVK Switch,149
18773,AVK Printer,71
20046,AVK IP Phone,146
18385,AVK IP Phone,146
18139,AVK Printer,71
21037,AVK Printer,71
18783,AVK Printer,71
17764,AVK Printer,71
19612,AVK Printer,71
17818,AVK Printer,71
20036,AVK Printer,71
20030,AVK Printer,71
18577,AVK Printer,71
18597,AVK Printer,71
18928,AVK Printer,71
18778,AVK Printer,71
18947,AVK Printer,71
18931,AVK Printer,71
18943,AVK Printer,71
18935,AVK Printer,71
18930,AVK Printer,71
18575,AVK Printer,71
20685,AVK Printer,71
22480,AVK Printer,71
21159,AVK Printer,71
20321,AVK Printer,71
23208,AVK Printer,71
23203,AVK Printer,71
22922,AVK Printer,71
22917,AVK Printer,71
22927,AVK Printer,71
22923,AVK Printer,71
21080,AVK Printer,71
17819,AVK Printer,71
18795,AVK Printer,71
18775,AVK Printer,71
17821,AVK Printer,71
20132,AVK Printer,71
19710,AVK Printer,71
21033,AVK Printer,71
21027,AVK Printer,71
18325,AVK Printer,71
21982,AVK Access Point,48
22084,AVK Access Point,48
21885,AVK Access Point,48
22068,AVK Access Point,48
21969,AVK Access Point,48
22021,AVK Access Point,48
21940,AVK Access Point,48
21993,AVK Access Point,48
22118,AVK Access Point,48
22075,AVK Access Point,48
21947,AVK Access Point,48
22023,AVK Access Point,48
22041,AVK Access Point,48
22092,AVK Access Point,48
21880,AVK Access Point,48
22012,AVK Access Point,48
21911,AVK Access Point,48
22006,AVK Access Point,48
21964,AVK Access Point,48
22077,AVK Access Point,48
22078,AVK Access Point,48
22137,AVK Access Point,48
21914,AVK Access Point,48
21893,AVK Access Point,48
18682,AVK Firewall,111
18677,AVK Hypervisor,151
22973,AVK Printer,71
18627,AVK Printer,71
18615,AVK Printer,71
17893,AVK PBX,156
19729,AVK Printer,71
18480,AVK Printer,71
18483,AVK Printer,71
18476,AVK Printer,71
18485,AVK Printer,71
18917,AVK Network Storage,150
21190,AVK Printer,71
22745,AVK Firewall,111
18202,AVK Router,154
19048,AVK Network Storage,150
19981,AVK Switch,149
20276,AVK Access Point,48
18530,AVK Access Point,48
18529,AVK Access Point,48
19046,AVK Access Point,48
22463,AVK Access Point,48
19525,AVK IP Phone,146
19451,AVK IP Phone,146
18892,AVK Access Point,48
19676,AVK IP Phone,146
19204,AVK IP Phone,146
22548,AVK IP Phone,146
22070,AVK Access Point,48
22154,AVK Switch,149
22157,AVK Switch,149
22158,AVK Switch,149
17749,AVK Switch,149
20012,AVK Switch,149
22089,AVK Access Point,48
22081,AVK Access Point,48
21837,AVK Access Point,48
21836,AVK Access Point,48
22024,AVK Access Point,48
22039,AVK Access Point,48
18421,AVK IP Phone,146
18348,AVK IP Phone,146
19694,AVK IP Phone,146
18877,AVK Access Point,48
18788,AVK Printer,71
18621,AVK Printer,71
21343,AVK Printer,71
18894,AVK Access Point,48
18876,AVK Access Point,48
19382,AVK Switch,149
19282,AVK Printer,71
22284,AVK Access Point,48
18866,AVK Access Point,48
18787,AVK Printer,71
17991,AVK Access Point,48
18003,AVK Access Point,48
22116,AVK Access Point,48
18001,AVK Access Point,48
17993,AVK Access Point,48
17994,AVK Access Point,48
17995,AVK Access Point,48
17999,AVK Access Point,48
17713,AVK Printer,71
17769,AVK Printer,71
23153,AVK Access Point,48
17904,AVK Switch,149
17906,AVK Switch,149
17905,AVK Switch,149
23323,AVK Switch,149
17907,AVK Switch,149
18014,AVK Firewall,111
17996,AVK Firewall,111
18807,AVK Printer,71
18859,AVK Network Storage,150
19211,AVK IP Phone,146
22729,AVK IP Phone,146
19207,AVK IP Phone,146
19775,AVK IP Phone,146
21305,AVK Printer,71
18604,AVK Access Point,48
19755,AVK Access Point,48
18804,AVK Firewall,111
18809,AVK Printer,71
18810,AVK Printer,71
22746,AVK IP Phone,146
21299,AVK IP Phone,146
22340,AVK IP Phone,146
21519,AVK IP Phone,146
19894,AVK IP Phone,146
22457,AVK IP Phone,146
19896,AVK IP Phone,146
22880,AVK IP Phone,146
19899,AVK IP Phone,146
17470,AVK IP Phone,146
17563,AVK IP Phone,146
17565,AVK IP Phone,146
17614,AVK IP Phone,146
17525,AVK IP Phone,146
17481,AVK IP Phone,146
17469,AVK IP Phone,146
17475,AVK IP Phone,146
17485,AVK IP Phone,146
17591,AVK IP Phone,146
17564,AVK IP Phone,146
18370,AVK IP Phone,146
21306,AVK IP Phone,146
17472,AVK IP Phone,146
17612,AVK IP Phone,146
17467,AVK IP Phone,146
17479,AVK IP Phone,146
17480,AVK IP Phone,146
17552,AVK IP Phone,146
17526,AVK IP Phone,146
18422,AVK IP Phone,146
17549,AVK IP Phone,146
17476,AVK IP Phone,146
17482,AVK IP Phone,146
18261,AVK IP Phone,146
17478,AVK IP Phone,146
17523,AVK IP Phone,146
17550,AVK IP Phone,146
17613,AVK IP Phone,146
17554,AVK IP Phone,146
17590,AVK IP Phone,146
22585,AVK IP Phone,146
17524,AVK IP Phone,146
21293,AVK IP Phone,146
17484,AVK IP Phone,146
21289,AVK IP Phone,146
17556,AVK IP Phone,146
21457,AVK IP Phone,146
17477,AVK IP Phone,146
17471,AVK IP Phone,146
17483,AVK IP Phone,146
17562,AVK IP Phone,146
17468,AVK IP Phone,146
17474,AVK IP Phone,146
21315,AVK IP Phone,146
17466,AVK IP Phone,146
17555,AVK IP Phone,146
17473,AVK IP Phone,146
17545,AVK IP Phone,146
17594,AVK IP Phone,146
17551,AVK IP Phone,146
17559,AVK IP Phone,146
17513,AVK IP Phone,146
17494,AVK IP Phone,146
17496,AVK IP Phone,146
21291,AVK IP Phone,146
17500,AVK IP Phone,146
21521,AVK IP Phone,146
23324,AVK IP Phone,146
17568,AVK IP Phone,146
17566,AVK IP Phone,146
17548,AVK IP Phone,146
17557,AVK IP Phone,146
17561,AVK IP Phone,146
17497,AVK IP Phone,146
21288,AVK IP Phone,146
21320,AVK IP Phone,146
17509,AVK IP Phone,146
17508,AVK IP Phone,146
17492,AVK IP Phone,146
17498,AVK IP Phone,146
17510,AVK IP Phone,146
17495,AVK IP Phone,146
17616,AVK IP Phone,146
17504,AVK IP Phone,146
17507,AVK IP Phone,146
17489,AVK IP Phone,146
17490,AVK IP Phone,146
17532,AVK IP Phone,146
17567,AVK IP Phone,146
17726,AVK IP Phone,146
17493,AVK IP Phone,146
17499,AVK IP Phone,146
17503,AVK IP Phone,146
17505,AVK IP Phone,146
17519,AVK IP Phone,146
17515,AVK IP Phone,146
17501,AVK IP Phone,146
17491,AVK IP Phone,146
17512,AVK IP Phone,146
17560,AVK IP Phone,146
17516,AVK IP Phone,146
17488,AVK IP Phone,146
17506,AVK IP Phone,146
17544,AVK IP Phone,146
17517,AVK IP Phone,146
17569,AVK IP Phone,146
17520,AVK IP Phone,146
17533,AVK IP Phone,146
17486,AVK IP Phone,146
17572,AVK IP Phone,146
17521,AVK IP Phone,146
17487,AVK IP Phone,146
17511,AVK IP Phone,146
17518,AVK IP Phone,146
17502,AVK IP Phone,146
17530,AVK IP Phone,146
17514,AVK IP Phone,146
17531,AVK IP Phone,146
17539,AVK IP Phone,146
17535,AVK IP Phone,146
21297,AVK IP Phone,146
17538,AVK IP Phone,146
17537,AVK IP Phone,146
17529,AVK IP Phone,146
17534,AVK IP Phone,146
17541,AVK IP Phone,146
21316,AVK IP Phone,146
17542,AVK IP Phone,146
17540,AVK IP Phone,146
17536,AVK IP Phone,146
17592,AVK IP Phone,146
23325,AVK IP Phone,146
17570,AVK IP Phone,146
17547,AVK IP Phone,146
17553,AVK IP Phone,146
17580,AVK IP Phone,146
17587,AVK IP Phone,146
17574,AVK IP Phone,146
17579,AVK IP Phone,146
17585,AVK IP Phone,146
17581,AVK IP Phone,146
17586,AVK IP Phone,146
17583,AVK IP Phone,146
21281,AVK IP Phone,146
21318,AVK IP Phone,146
17578,AVK IP Phone,146
17584,AVK IP Phone,146
17588,AVK IP Phone,146
17589,AVK IP Phone,146
17573,AVK IP Phone,146
17575,AVK IP Phone,146
17576,AVK IP Phone,146
17577,AVK IP Phone,146
17582,AVK IP Phone,146
17593,AVK IP Phone,146
18378,AVK IP Phone,146
20305,AVK IP Phone,146
19895,AVK IP Phone,146
19898,AVK IP Phone,146
19897,AVK IP Phone,146
18747,AVK Printer,71
18754,AVK Printer,71
20625,AVK IP Phone,146
20535,AVK IP Phone,146
20400,AVK IP Phone,146
20603,AVK IP Phone,146
20594,AVK IP Phone,146
20429,AVK IP Phone,146
20568,AVK IP Phone,146
20380,AVK IP Phone,146
20408,AVK IP Phone,146
20605,AVK IP Phone,146
20551,AVK IP Phone,146
20566,AVK IP Phone,146
20562,AVK IP Phone,146
20383,AVK IP Phone,146
20564,AVK IP Phone,146
20436,AVK IP Phone,146
20536,AVK IP Phone,146
20545,AVK IP Phone,146
20534,AVK IP Phone,146
20428,AVK IP Phone,146
20391,AVK IP Phone,146
20634,AVK IP Phone,146
20395,AVK IP Phone,146
20381,AVK IP Phone,146
20406,AVK IP Phone,146
20387,AVK IP Phone,146
20390,AVK IP Phone,146
20410,AVK IP Phone,146
17963,AVK Access Point,48
17959,AVK Access Point,48
20579,AVK IP Phone,146
20523,AVK IP Phone,146
20583,AVK IP Phone,146
20584,AVK IP Phone,146
20593,AVK IP Phone,146
20585,AVK IP Phone,146
20642,AVK IP Phone,146
20643,AVK IP Phone,146
20591,AVK IP Phone,146
20645,AVK IP Phone,146
20478,AVK IP Phone,146
20514,AVK IP Phone,146
20465,AVK IP Phone,146
20502,AVK IP Phone,146
20439,AVK IP Phone,146
20475,AVK IP Phone,146
20488,AVK IP Phone,146
20520,AVK IP Phone,146
20459,AVK IP Phone,146
20463,AVK IP Phone,146
20487,AVK IP Phone,146
20506,AVK IP Phone,146
20500,AVK IP Phone,146
20458,AVK IP Phone,146
20517,AVK IP Phone,146
20468,AVK IP Phone,146
20511,AVK IP Phone,146
20508,AVK IP Phone,146
20522,AVK IP Phone,146
20470,AVK IP Phone,146
20476,AVK IP Phone,146
20507,AVK IP Phone,146
20464,AVK IP Phone,146
20483,AVK IP Phone,146
20492,AVK IP Phone,146
20490,AVK IP Phone,146
20505,AVK IP Phone,146
20504,AVK IP Phone,146
20519,AVK IP Phone,146
20442,AVK IP Phone,146
20526,AVK IP Phone,146
20467,AVK IP Phone,146
20527,AVK IP Phone,146
20513,AVK IP Phone,146
20479,AVK IP Phone,146
20495,AVK IP Phone,146
20474,AVK IP Phone,146
20524,AVK IP Phone,146
20565,AVK IP Phone,146
22145,AVK Switch,149
17949,AVK Access Point,48
17944,AVK Access Point,48
17952,AVK Access Point,48
20411,AVK IP Phone,146
20596,AVK IP Phone,146
17942,AVK Access Point,48
20416,AVK IP Phone,146
20575,AVK IP Phone,146
20557,AVK IP Phone,146
17951,AVK Access Point,48
17947,AVK Access Point,48
20537,AVK IP Phone,146
20619,AVK IP Phone,146
17948,AVK Access Point,48
20437,AVK IP Phone,146
20571,AVK IP Phone,146
20528,AVK IP Phone,146
18006,AVK Wireless Controller,48
20529,AVK IP Phone,146
18008,AVK Wireless Controller,48
20412,AVK IP Phone,146
20417,AVK IP Phone,146
20578,AVK IP Phone,146
20414,AVK IP Phone,146
20627,AVK IP Phone,146
20631,AVK IP Phone,146
20636,AVK IP Phone,146
20580,AVK IP Phone,146
20632,AVK IP Phone,146
20635,AVK IP Phone,146
20637,AVK IP Phone,146
20622,AVK IP Phone,146
20633,AVK IP Phone,146
20629,AVK IP Phone,146
20628,AVK IP Phone,146
20582,AVK IP Phone,146
20638,AVK IP Phone,146
20609,AVK IP Phone,146
20640,AVK IP Phone,146
20639,AVK IP Phone,146
20581,AVK IP Phone,146
20592,AVK IP Phone,146
20554,AVK IP Phone,146
18642,AVK Security Appliance,158
17950,AVK Access Point,48
17953,AVK Access Point,48
17943,AVK Access Point,48
17940,AVK Access Point,48
22148,AVK Switch,149
17997,AVK Access Point,48
22155,AVK Switch,149
22162,AVK Switch,149
20598,AVK IP Phone,146
20610,AVK IP Phone,146
20646,AVK IP Phone,146
20600,AVK IP Phone,146
20613,AVK IP Phone,146
20601,AVK IP Phone,146
20606,AVK IP Phone,146
20618,AVK IP Phone,146
20602,AVK IP Phone,146
20597,AVK IP Phone,146
20608,AVK IP Phone,146
20548,AVK IP Phone,146
20611,AVK IP Phone,146
20617,AVK IP Phone,146
20616,AVK IP Phone,146
20620,AVK IP Phone,146
20623,AVK IP Phone,146
20626,AVK IP Phone,146
20644,AVK IP Phone,146
20533,AVK IP Phone,146
20477,AVK IP Phone,146
20497,AVK IP Phone,146
20503,AVK IP Phone,146
20516,AVK IP Phone,146
20462,AVK IP Phone,146
20494,AVK IP Phone,146
20496,AVK IP Phone,146
20460,AVK IP Phone,146
20448,AVK IP Phone,146
20443,AVK IP Phone,146
20466,AVK IP Phone,146
20484,AVK IP Phone,146
20518,AVK IP Phone,146
20450,AVK IP Phone,146
20446,AVK IP Phone,146
20472,AVK IP Phone,146
20473,AVK IP Phone,146
20489,AVK IP Phone,146
20471,AVK IP Phone,146
20457,AVK IP Phone,146
20499,AVK IP Phone,146
20558,AVK IP Phone,146
20532,AVK IP Phone,146
20422,AVK IP Phone,146
20541,AVK IP Phone,146
20553,AVK IP Phone,146
20587,AVK IP Phone,146
20538,AVK IP Phone,146
20542,AVK IP Phone,146
20563,AVK IP Phone,146
20607,AVK IP Phone,146
20539,AVK IP Phone,146
20544,AVK IP Phone,146
20435,AVK IP Phone,146
20530,AVK IP Phone,146
20621,AVK IP Phone,146
20438,AVK IP Phone,146
20570,AVK IP Phone,146
20547,AVK IP Phone,146
20550,AVK IP Phone,146
20574,AVK IP Phone,146
18118,AVK IP Phone,146
20420,AVK IP Phone,146
18862,AVK Access Point,48
20433,AVK IP Phone,146
20427,AVK IP Phone,146
20423,AVK IP Phone,146
17920,AVK IP Phone,146
19715,AVK IP Phone,146
18644,AVK Security Appliance,158
18041,AVK IP Phone,146
18005,AVK Access Point,48
18000,AVK Access Point,48
18004,AVK Access Point,48
23299,AVK Firewall,111
20586,AVK IP Phone,146
20589,AVK IP Phone,146
20615,AVK IP Phone,146
20604,AVK IP Phone,146
20614,AVK IP Phone,146
23298,AVK Firewall,111
20456,AVK IP Phone,146
20449,AVK IP Phone,146
20461,AVK IP Phone,146
20454,AVK IP Phone,146
20447,AVK IP Phone,146
20512,AVK IP Phone,146
20440,AVK IP Phone,146
20444,AVK IP Phone,146
20480,AVK IP Phone,146
20451,AVK IP Phone,146
20482,AVK IP Phone,146
20501,AVK IP Phone,146
20515,AVK IP Phone,146
20510,AVK IP Phone,146
20469,AVK IP Phone,146
20481,AVK IP Phone,146
20486,AVK IP Phone,146
20453,AVK IP Phone,146
20509,AVK IP Phone,146
20498,AVK IP Phone,146
20491,AVK IP Phone,146
20485,AVK IP Phone,146
20493,AVK IP Phone,146
20445,AVK IP Phone,146
20441,AVK IP Phone,146
20452,AVK IP Phone,146
20455,AVK IP Phone,146
20576,AVK IP Phone,146
20521,AVK IP Phone,146
18179,AVK PBX,156
18105,AVK IP Phone,146
18101,AVK IP Phone,146
18057,AVK IP Phone,146
18082,AVK IP Phone,146
18068,AVK IP Phone,146
18083,AVK IP Phone,146
18094,AVK IP Phone,146
18076,AVK IP Phone,146
18053,AVK IP Phone,146
18090,AVK IP Phone,146
18080,AVK IP Phone,146
18067,AVK IP Phone,146
18069,AVK IP Phone,146
18044,AVK IP Phone,146
18046,AVK IP Phone,146
18077,AVK IP Phone,146
18075,AVK IP Phone,146
18088,AVK IP Phone,146
18065,AVK IP Phone,146
18091,AVK IP Phone,146
18085,AVK IP Phone,146
18055,AVK IP Phone,146
18104,AVK IP Phone,146
18054,AVK IP Phone,146
18113,AVK IP Phone,146
18107,AVK IP Phone,146
18066,AVK IP Phone,146
18110,AVK IP Phone,146
18063,AVK IP Phone,146
18084,AVK IP Phone,146
18093,AVK IP Phone,146
18098,AVK IP Phone,146
18095,AVK IP Phone,146
18047,AVK IP Phone,146
18102,AVK IP Phone,146
18114,AVK IP Phone,146
18045,AVK IP Phone,146
18089,AVK IP Phone,146
18049,AVK IP Phone,146
18061,AVK IP Phone,146
18048,AVK IP Phone,146
18051,AVK IP Phone,146
18108,AVK IP Phone,146
18099,AVK IP Phone,146
18073,AVK IP Phone,146
18070,AVK IP Phone,146
18079,AVK IP Phone,146
18071,AVK IP Phone,146
18112,AVK IP Phone,146
18043,AVK IP Phone,146
18059,AVK IP Phone,146
18116,AVK IP Phone,146
18064,AVK IP Phone,146
18058,AVK IP Phone,146
18096,AVK IP Phone,146
18060,AVK IP Phone,146
18109,AVK IP Phone,146
18100,AVK IP Phone,146
18097,AVK IP Phone,146
18042,AVK IP Phone,146
18074,AVK IP Phone,146
18117,AVK IP Phone,146
18056,AVK IP Phone,146
18092,AVK IP Phone,146
18086,AVK IP Phone,146
18103,AVK IP Phone,146
18062,AVK IP Phone,146
18078,AVK IP Phone,146
18050,AVK IP Phone,146
18106,AVK IP Phone,146
18052,AVK IP Phone,146
18087,AVK IP Phone,146
22160,AVK Switch,149
18012,AVK Wireless Controller,48
22156,AVK Switch,149
17980,AVK Access Point,48
18030,AVK IP Phone,146
18178,AVK PBX,156
18027,AVK IP Phone,146
18038,AVK IP Phone,146
18029,AVK IP Phone,146
18035,AVK IP Phone,146
18022,AVK IP Phone,146
18031,AVK IP Phone,146
18034,AVK IP Phone,146
18025,AVK IP Phone,146
17961,AVK Access Point,48
18018,AVK IP Phone,146
18023,AVK IP Phone,146
18024,AVK IP Phone,146
18033,AVK IP Phone,146
18017,AVK IP Phone,146
18016,AVK IP Phone,146
18040,AVK IP Phone,146
18019,AVK IP Phone,146
18039,AVK IP Phone,146
18026,AVK IP Phone,146
18036,AVK IP Phone,146
17960,AVK Access Point,48
18020,AVK IP Phone,146
18037,AVK IP Phone,146
23114,AVK IP Phone,146
18553,AVK IP Phone,146
18557,AVK IP Phone,146
18551,AVK IP Phone,146
18546,AVK IP Phone,146
18555,AVK IP Phone,146
18545,AVK IP Phone,146
18549,AVK IP Phone,146
18539,AVK IP Phone,146
18542,AVK IP Phone,146
18548,AVK IP Phone,146
18550,AVK IP Phone,146
18552,AVK IP Phone,146
18556,AVK IP Phone,146
18547,AVK IP Phone,146
18558,AVK IP Phone,146
18543,AVK IP Phone,146
18544,AVK IP Phone,146
18540,AVK VoIP Switch,149
18554,AVK IP Phone,146
20257,AVK IP Phone,146
22694,AVK IP Phone,146
23300,AVK Firewall,111
18010,AVK Wireless Controller,48
23049,AVK Switch,149
20362,AVK Printer,71
18537,AVK Security Appliance,158
22149,AVK Switch,149
22147,AVK Switch,149
22146,AVK Switch,149
19918,AVK Network Storage,150
23303,AVK Switch,149
23304,AVK Switch,149
19206,AVK IP Phone,146
20966,AVK IP Phone,146
21227,AVK IP Phone,146
21228,AVK IP Phone,146
23305,AVK IP Phone,146
21231,AVK IP Phone,146
21230,AVK IP Phone,146
21229,AVK IP Phone,146
19987,AVK IP Phone,146
19393,AVK IP Phone,146
21268,AVK IP Phone,146
20112,AVK Access Point,48
19209,AVK IP Phone,146
20358,AVK IP Phone,146
20091,AVK IP Phone,146
19203,AVK IP Phone,146
19303,AVK IP Phone,146
19208,AVK IP Phone,146
23332,AVK IP Phone,146
20188,AVK IP Phone,146
20133,AVK IP Phone,146
20148,AVK IP Phone,146
19189,AVK IP Phone,146
19157,AVK IP Phone,146
19137,AVK IP Phone,146
19130,AVK IP Phone,146
19106,AVK IP Phone,146
19147,AVK IP Phone,146
19073,AVK IP Phone,146
19091,AVK IP Phone,146
20155,AVK IP Phone,146
19072,AVK IP Phone,146
19080,AVK IP Phone,146
19173,AVK IP Phone,146
19151,AVK IP Phone,146
19121,AVK IP Phone,146
19115,AVK IP Phone,146
19176,AVK IP Phone,146
19138,AVK IP Phone,146
19178,AVK IP Phone,146
19117,AVK IP Phone,146
19081,AVK IP Phone,146
19148,AVK IP Phone,146
19078,AVK IP Phone,146
20306,AVK IP Phone,146
20308,AVK IP Phone,146
20313,AVK IP Phone,146
19107,AVK IP Phone,146
19093,AVK IP Phone,146
19082,AVK IP Phone,146
19104,AVK IP Phone,146
19133,AVK IP Phone,146
19125,AVK IP Phone,146
19187,AVK IP Phone,146
19149,AVK IP Phone,146
19182,AVK IP Phone,146
20320,AVK IP Phone,146
20366,AVK IP Phone,146
20650,AVK IP Phone,146
20917,AVK IP Phone,146
20967,AVK IP Phone,146
20971,AVK IP Phone,146
20986,AVK IP Phone,146
20988,AVK IP Phone,146
20997,AVK IP Phone,146
19160,AVK IP Phone,146
19083,AVK IP Phone,146
19134,AVK IP Phone,146
19127,AVK IP Phone,146
19094,AVK IP Phone,146
19139,AVK IP Phone,146
19079,AVK IP Phone,146
19088,AVK IP Phone,146
21105,AVK IP Phone,146
19466,AVK IP Phone,146
19465,AVK IP Phone,146
19100,AVK IP Phone,146
19077,AVK IP Phone,146
19085,AVK IP Phone,146
19120,AVK IP Phone,146
19154,AVK IP Phone,146
19122,AVK IP Phone,146
19162,AVK IP Phone,146
19186,AVK IP Phone,146
19095,AVK IP Phone,146
19102,AVK IP Phone,146
19140,AVK IP Phone,146
19096,AVK IP Phone,146
19171,AVK IP Phone,146
19074,AVK IP Phone,146
19110,AVK IP Phone,146
19172,AVK IP Phone,146
19170,AVK IP Phone,146
19164,AVK IP Phone,146
19089,AVK IP Phone,146
19165,AVK IP Phone,146
19066,AVK IP Phone,146
19146,AVK IP Phone,146
19097,AVK IP Phone,146
19175,AVK IP Phone,146
19174,AVK IP Phone,146
19128,AVK IP Phone,146
19166,AVK IP Phone,146
19153,AVK IP Phone,146
19113,AVK IP Phone,146
19136,AVK IP Phone,146
19124,AVK IP Phone,146
19114,AVK IP Phone,146
19071,AVK IP Phone,146
19111,AVK IP Phone,146
19075,AVK IP Phone,146
19131,AVK IP Phone,146
19504,AVK IP Phone,146
19123,AVK IP Phone,146
19188,AVK IP Phone,146
19158,AVK IP Phone,146
19135,AVK IP Phone,146
19468,AVK IP Phone,146
19467,AVK IP Phone,146
19773,AVK IP Phone,146
19772,AVK IP Phone,146
19084,AVK IP Phone,146
19159,AVK IP Phone,146
19112,AVK IP Phone,146
19070,AVK IP Phone,146
19105,AVK IP Phone,146
19184,AVK IP Phone,146
19099,AVK IP Phone,146
19145,AVK IP Phone,146
19183,AVK IP Phone,146
19126,AVK IP Phone,146
19108,AVK IP Phone,146
19156,AVK IP Phone,146
19086,AVK IP Phone,146
19064,AVK IP Phone,146
19067,AVK IP Phone,146
19087,AVK IP Phone,146
19076,AVK IP Phone,146
19179,AVK IP Phone,146
19144,AVK IP Phone,146
19168,AVK IP Phone,146
19180,AVK IP Phone,146
19129,AVK IP Phone,146
19069,AVK IP Phone,146
19181,AVK IP Phone,146
19167,AVK IP Phone,146
19155,AVK IP Phone,146
19141,AVK IP Phone,146
19103,AVK IP Phone,146
19163,AVK IP Phone,146
19185,AVK IP Phone,146
19177,AVK IP Phone,146
19068,AVK IP Phone,146
19690,AVK IP Phone,146
19101,AVK IP Phone,146
19217,AVK IP Phone,146
19092,AVK IP Phone,146
19132,AVK IP Phone,146
19116,AVK IP Phone,146
19150,AVK IP Phone,146
19143,AVK IP Phone,146
19152,AVK IP Phone,146
19065,AVK IP Phone,146
19118,AVK IP Phone,146
19169,AVK IP Phone,146
19142,AVK IP Phone,146
19161,AVK IP Phone,146
19109,AVK IP Phone,146
19090,AVK IP Phone,146
19098,AVK IP Phone,146
19119,AVK IP Phone,146
23020,AVK Firewall,111
23016,AVK Switch,149
23022,AVK Access Point,48
22159,AVK Switch,149
22166,AVK Firewall,111
22165,AVK Firewall,111
20569,AVK IP Phone,146
20572,AVK IP Phone,146
20543,AVK IP Phone,146
20567,AVK IP Phone,146
20599,AVK IP Phone,146
20588,AVK IP Phone,146
20590,AVK IP Phone,146
20630,AVK IP Phone,146
20573,AVK IP Phone,146
20641,AVK IP Phone,146
20552,AVK IP Phone,146
20555,AVK IP Phone,146
20556,AVK IP Phone,146
18662,AVK Access Point,48
22612,AVK Access Point,48
18657,AVK Access Point,48
18655,AVK Access Point,48
18663,AVK Access Point,48
22611,AVK Access Point,48
18665,AVK Access Point,48
18660,AVK Access Point,48
20938,AVK Access Point,48
18659,AVK Access Point,48
18656,AVK Access Point,48
18669,AVK Access Point,48
20957,AVK Access Point,48
22614,AVK Access Point,48
18661,AVK Access Point,48
18658,AVK Access Point,48
20944,AVK Access Point,48
18664,AVK Access Point,48
18667,AVK Access Point,48
18666,AVK Access Point,48
20939,AVK Access Point,48
20945,AVK Access Point,48
18668,AVK Access Point,48
22613,AVK Access Point,48
20947,AVK Access Point,48
20958,AVK Access Point,48
20948,AVK Access Point,48
20949,AVK Access Point,48
20959,AVK Access Point,48
20950,AVK Access Point,48
20960,AVK Access Point,48
17434,AVK IP Phone,146
17435,AVK IP Phone,146
17438,AVK IP Phone,146
17436,AVK IP Phone,146
17439,AVK IP Phone,146
17442,AVK IP Phone,146
17437,AVK IP Phone,146
17443,AVK IP Phone,146
17440,AVK IP Phone,146
17441,AVK IP Phone,146
19909,AVK IP Phone,146
18920,AVK IP Phone,146
21250,AVK IP Phone,146
21501,AVK IP Phone,146
22318,AVK IP Phone,146
22317,AVK IP Phone,146
18818,AVK IP Phone,146
20064,AVK IP Phone,146
22546,AVK IP Phone,146
22258,AVK IP Phone,146
18309,AVK Firewall,111
20045,AVK Printer,71
23019,AVK Printer,71
19421,AVK Printer,71
19786,AVK Printer,71
20090,AVK Printer,71
20086,AVK Printer,71
20369,AVK Switch Stack,149
20170,AVK Firewall,111
20171,AVK Switch,149
23246,AVK Layer 3 Switch,149
17638,AVK IP Phone,146
17633,AVK IP Phone,146
18629,AVK IP Phone,146
17640,AVK IP Phone,146
17632,AVK IP Phone,146
17646,AVK IP Phone,146
17647,AVK IP Phone,146
17691,AVK IP Phone,146
17643,AVK IP Phone,146
17668,AVK IP Phone,146
17652,AVK IP Phone,146
17673,AVK IP Phone,146
17631,AVK IP Phone,146
18273,AVK IP Phone,146
17686,AVK IP Phone,146
18368,AVK IP Phone,146
17702,AVK IP Phone,146
18927,AVK IP Phone,146
19483,AVK IP Phone,146
17662,AVK IP Phone,146
17704,AVK IP Phone,146
17658,AVK IP Phone,146
17684,AVK IP Phone,146
17701,AVK IP Phone,146
17695,AVK IP Phone,146
17689,AVK IP Phone,146
17667,AVK IP Phone,146
17674,AVK IP Phone,146
18272,AVK IP Phone,146
17628,AVK IP Phone,146
17629,AVK IP Phone,146
17650,AVK IP Phone,146
17727,AVK IP Phone,146
17675,AVK IP Phone,146
18274,AVK IP Phone,146
17728,AVK IP Phone,146
17648,AVK IP Phone,146
17665,AVK IP Phone,146
17730,AVK IP Phone,146
17729,AVK IP Phone,146
17688,AVK IP Phone,146
17655,AVK IP Phone,146
17682,AVK IP Phone,146
17698,AVK IP Phone,146
18434,AVK IP Phone,146
17708,AVK IP Phone,146
17687,AVK IP Phone,146
17661,AVK IP Phone,146
17666,AVK IP Phone,146
17626,AVK IP Phone,146
17692,AVK IP Phone,146
17711,AVK IP Phone,146
17657,AVK IP Phone,146
17641,AVK IP Phone,146
17671,AVK IP Phone,146
18572,AVK IP Phone,146
17644,AVK IP Phone,146
17656,AVK IP Phone,146
17685,AVK IP Phone,146
17680,AVK IP Phone,146
17694,AVK IP Phone,146
17681,AVK IP Phone,146
18570,AVK IP Phone,146
17660,AVK IP Phone,146
18563,AVK IP Phone,146
17696,AVK IP Phone,146
17659,AVK IP Phone,146
17651,AVK IP Phone,146
17709,AVK IP Phone,146
17636,AVK IP Phone,146
17634,AVK IP Phone,146
18271,AVK IP Phone,146
17664,AVK IP Phone,146
17700,AVK IP Phone,146
17706,AVK IP Phone,146
17670,AVK IP Phone,146
17669,AVK IP Phone,146
17627,AVK IP Phone,146
18466,AVK IP Phone,146
17679,AVK IP Phone,146
17693,AVK IP Phone,146
17697,AVK IP Phone,146
18308,AVK IP Phone,146
17678,AVK IP Phone,146
18508,AVK IP Phone,146
17635,AVK IP Phone,146
17630,AVK IP Phone,146
17683,AVK IP Phone,146
17645,AVK IP Phone,146
17703,AVK IP Phone,146
17672,AVK IP Phone,146
17710,AVK IP Phone,146
18457,AVK IP Phone,146
17705,AVK IP Phone,146
17649,AVK IP Phone,146
17654,AVK IP Phone,146
17699,AVK IP Phone,146
17676,AVK IP Phone,146
17642,AVK IP Phone,146
17653,AVK IP Phone,146
18565,AVK IP Phone,146
17637,AVK IP Phone,146
17690,AVK IP Phone,146
18611,AVK IP Phone,146
18571,AVK IP Phone,146
18573,AVK IP Phone,146
18673,AVK IP Phone,146
19031,AVK IP Phone,146
22481,AVK IP Phone,146
17522,AVK IP Phone,146
17746,AVK IP Phone,146
21089,AVK IP Phone,146
21092,AVK IP Phone,146
21094,AVK IP Phone,146
21096,AVK IP Phone,146
21093,AVK IP Phone,146
21095,AVK IP Phone,146
21091,AVK IP Phone,146
21090,AVK IP Phone,146
21097,AVK IP Phone,146
20980,AVK IP Phone,146
21069,AVK IP Phone,146
20982,AVK IP Phone,146
20983,AVK IP Phone,146
21060,AVK IP Phone,146
21061,AVK IP Phone,146
20979,AVK IP Phone,146
20981,AVK IP Phone,146
21062,AVK IP Phone,146
18651,AVK IP Phone,146
17597,AVK IP Phone,146
17600,AVK IP Phone,146
17603,AVK IP Phone,146
17599,AVK IP Phone,146
17596,AVK IP Phone,146
17606,AVK IP Phone,146
17607,AVK IP Phone,146
17609,AVK IP Phone,146
17604,AVK IP Phone,146
17611,AVK IP Phone,146
17595,AVK IP Phone,146
17608,AVK IP Phone,146
17605,AVK IP Phone,146
17610,AVK IP Phone,146
17598,AVK IP Phone,146
17601,AVK IP Phone,146
17602,AVK IP Phone,146
18266,AVK IP Phone,146
18267,AVK IP Phone,146
18268,AVK IP Phone,146
21047,AVK Printer,71
22161,AVK Switch,149
23309,AVK Firewall,111
21070,AVK Printer,71
17527,AVK IP Phone,146
19659,AVK Access Point,48
22390,AVK IP Phone,146
21058,AVK IP Phone,146
17804,AVK IP Phone,146
21254,AVK IP Phone,146
20365,AVK Printer,71
21678,AVK IP Phone,146
19485,AVK IP Phone,146
19486,AVK IP Phone,146
19487,AVK IP Phone,146
22386,AVK IP Phone,146
21158,AVK IP Phone,146
18291,AVK IP Phone,146
23213,AVK IP Phone,146
21680,AVK IP Phone,146
19347,AVK Printer,71
22381,AVK IP Phone,146
22387,AVK IP Phone,146
22388,AVK IP Phone,146
22389,AVK IP Phone,146
20187,AVK Printer,71
21681,AVK IP Phone,146
18535,AVK IP Phone,146
22293,AVK IP Phone,146
21677,AVK IP Phone,146
18468,AVK IP Phone,146
21683,AVK IP Phone,146
17774,AVK Printer,71
19036,AVK Switch Stack,149
17806,AVK Printer,71
21682,AVK IP Phone,146
20681,AVK Printer,71
21685,AVK IP Phone,146
22267,AVK IP Phone,146
18515,AVK IP Phone,146
22555,AVK IP Phone,146
17875,AVK IP Phone,146
17773,AVK Printer,71
22580,AVK IP Phone,146
17811,AVK IP Phone,146
17761,AVK IP Phone,146
19597,AVK Access Point,48
18294,AVK IP Phone,146
18415,AVK Switch,149
22261,AVK IP Phone,146
19857,AVK IP Phone,146
18189,AVK Firewall,111
22944,AVK Access Point,48
22945,AVK Access Point,48
17770,AVK Printer,71
22260,AVK IP Phone,146
22259,AVK IP Phone,146
22252,AVK IP Phone,146
18417,AVK IP Phone,146
18297,AVK IP Phone,146
18295,AVK IP Phone,146
18296,AVK IP Phone,146
18300,AVK IP Phone,146
18299,AVK IP Phone,146
18298,AVK IP Phone,146
18418,AVK IP Phone,146
22663,AVK IP Phone,146
22665,AVK IP Phone,146
22666,AVK IP Phone,146
22667,AVK IP Phone,146
22668,AVK IP Phone,146
22673,AVK IP Phone,146
21284,AVK Printer,71
23285,AVK IP Phone,146
20312,AVK IP Phone,146
22638,AVK IP Phone,146
22636,AVK IP Phone,146
22637,AVK IP Phone,146
23168,AVK IP Phone,146
22676,AVK IP Phone,146
22630,AVK IP Phone,146
17776,AVK Printer,71
22330,AVK IP Phone,146
18897,AVK Access Point,48
21263,AVK IP Phone,146
19776,AVK IP Phone,146
19383,AVK Access Point,48
22343,AVK IP Phone,146
17763,AVK Printer,71
18191,AVK Firewall,111
19222,AVK Printer,71
18898,AVK Printer,71
18785,AVK Printer,71
18782,AVK Printer,71
18792,AVK Printer,71
18584,AVK Printer,71
18392,AVK IP Phone,146
19847,AVK Time Clock,146
19848,AVK Time Clock,146
18653,AVK IP Phone,146
18413,AVK IP Phone,146
22379,AVK IP Phone,146
18394,AVK IP Phone,146
18393,AVK IP Phone,146
18395,AVK IP Phone,146
18414,AVK IP Phone,146
23291,AVK IP Phone,146
23292,AVK IP Phone,146
17847,AVK IP Phone,146
17841,AVK IP Phone,146
17836,AVK IP Phone,146
22177,AVK IP Phone,146
17830,AVK IP Phone,146
17865,AVK IP Phone,146
17840,AVK IP Phone,146
17863,AVK IP Phone,146
17825,AVK IP Phone,146
17860,AVK IP Phone,146
17837,AVK IP Phone,146
17842,AVK IP Phone,146
17844,AVK IP Phone,146
17853,AVK IP Phone,146
17850,AVK IP Phone,146
17856,AVK IP Phone,146
17831,AVK IP Phone,146
17861,AVK IP Phone,146
17854,AVK IP Phone,146
17864,AVK IP Phone,146
17857,AVK IP Phone,146
17824,AVK IP Phone,146
17839,AVK IP Phone,146
17872,AVK IP Phone,146
22263,AVK IP Phone,146
22264,AVK IP Phone,146
22648,AVK IP Phone,146
22276,AVK IP Phone,146
22689,AVK IP Phone,146
22314,AVK IP Phone,146
22316,AVK IP Phone,146
22310,AVK IP Phone,146
22309,AVK IP Phone,146
22313,AVK IP Phone,146
22315,AVK IP Phone,146
22311,AVK IP Phone,146
22312,AVK IP Phone,146
22877,AVK IP Phone,146
22997,AVK IP Phone,146
18941,AVK Printer,71
18507,AVK IP Phone,146
17883,AVK IP Phone,146
17888,AVK IP Phone,146
17890,AVK IP Phone,146
17834,AVK IP Phone,146
17879,AVK IP Phone,146
17828,AVK IP Phone,146
17889,AVK IP Phone,146
17843,AVK IP Phone,146
17878,AVK IP Phone,146
18652,AVK IP Phone,146
17882,AVK IP Phone,146
17885,AVK IP Phone,146
17887,AVK IP Phone,146
17827,AVK IP Phone,146
17862,AVK IP Phone,146
17851,AVK IP Phone,146
17855,AVK IP Phone,146
17884,AVK IP Phone,146
17880,AVK IP Phone,146
17859,AVK IP Phone,146
17881,AVK IP Phone,146
17876,AVK IP Phone,146
17829,AVK IP Phone,146
17877,AVK IP Phone,146
17886,AVK IP Phone,146
17833,AVK IP Phone,146
17849,AVK IP Phone,146
17835,AVK IP Phone,146
18933,AVK Printer,71
17832,AVK IP Phone,146
17848,AVK IP Phone,146
17846,AVK IP Phone,146
18377,AVK IP Phone,146
18285,AVK IP Phone,146
18817,AVK IP Phone,146
19273,AVK IP Phone,146
19442,AVK IP Phone,146
19340,AVK IP Phone,146
19452,AVK IP Phone,146
17858,AVK IP Phone,146
17852,AVK IP Phone,146
19503,AVK IP Phone,146
19769,AVK IP Phone,146
19963,AVK IP Phone,146
20197,AVK IP Phone,146
17826,AVK IP Phone,146
21411,AVK IP Phone,146
21417,AVK IP Phone,146
21415,AVK IP Phone,146
21414,AVK IP Phone,146
21416,AVK IP Phone,146
17845,AVK IP Phone,146
22179,AVK IP Phone,146
22178,AVK IP Phone,146
22176,AVK IP Phone,146
17838,AVK IP Phone,146
22175,AVK IP Phone,146
22180,AVK IP Phone,146
22174,AVK IP Phone,146
18896,AVK UPS,29
18333,AVK IP Phone,146
18364,AVK IP Phone,146
18345,AVK IP Phone,146
18356,AVK IP Phone,146
18352,AVK IP Phone,146
18357,AVK IP Phone,146
18346,AVK IP Phone,146
18340,AVK IP Phone,146
18361,AVK IP Phone,146
18363,AVK IP Phone,146
18369,AVK IP Phone,146
18360,AVK IP Phone,146
18380,AVK IP Phone,146
18359,AVK IP Phone,146
18358,AVK IP Phone,146
18381,AVK IP Phone,146
18341,AVK IP Phone,146
18362,AVK IP Phone,146
18355,AVK IP Phone,146
18354,AVK IP Phone,146
18350,AVK IP Phone,146
21117,AVK IP Phone,146
21088,AVK IP Phone,146
18328,AVK Printer,71
18321,AVK Printer,71
18319,AVK Printer,71
18344,AVK IP Phone,146
19671,AVK Access Point,48
21071,AVK IP Phone,146
21072,AVK IP Phone,146
21083,AVK IP Phone,146
21076,AVK IP Phone,146
21253,AVK IP Phone,146
22442,AVK IP Phone,146
21362,AVK IP Phone,146
21296,AVK IP Phone,146
22432,AVK IP Phone,146
22425,AVK IP Phone,146
21317,AVK IP Phone,146
22434,AVK IP Phone,146
20961,AVK Access Point,48
20963,AVK Access Point,48
20962,AVK Access Point,48
20964,AVK Access Point,48
20951,AVK Access Point,48
20952,AVK Access Point,48
20946,AVK Access Point,48
20955,AVK Access Point,48
20954,AVK Access Point,48
20956,AVK Access Point,48
20953,AVK Access Point,48
20941,AVK Access Point,48
20943,AVK Access Point,48
20940,AVK Access Point,48
20942,AVK Access Point,48
22571,AVK Printer,71
21537,AVK Printer,71
23240,AVK Printer,71
17743,AVK IP Phone,146
20052,AVK Printer,71
23138,AVK Printer,71
22639,AVK IP Phone,146
18972,AVK IP Phone,146
18979,AVK IP Phone,146
19011,AVK IP Phone,146
18993,AVK IP Phone,146
19003,AVK IP Phone,146
18989,AVK IP Phone,146
19015,AVK IP Phone,146
19007,AVK IP Phone,146
18990,AVK IP Phone,146
18977,AVK IP Phone,146
19006,AVK IP Phone,146
19020,AVK IP Phone,146
18985,AVK IP Phone,146
18997,AVK IP Phone,146
19005,AVK IP Phone,146
18999,AVK IP Phone,146
19013,AVK IP Phone,146
18995,AVK IP Phone,146
18968,AVK IP Phone,146
19004,AVK IP Phone,146
18983,AVK IP Phone,146
19012,AVK IP Phone,146
18996,AVK IP Phone,146
18969,AVK IP Phone,146
18971,AVK IP Phone,146
19018,AVK IP Phone,146
19017,AVK IP Phone,146
18982,AVK IP Phone,146
19001,AVK IP Phone,146
19019,AVK IP Phone,146
18980,AVK IP Phone,146
18984,AVK IP Phone,146
19010,AVK IP Phone,146
19014,AVK IP Phone,146
18998,AVK IP Phone,146
18987,AVK IP Phone,146
18974,AVK IP Phone,146
18991,AVK IP Phone,146
19016,AVK IP Phone,146
19009,AVK IP Phone,146
18981,AVK IP Phone,146
18973,AVK IP Phone,146
18970,AVK IP Phone,146
18986,AVK IP Phone,146
18988,AVK IP Phone,146
18992,AVK IP Phone,146
19000,AVK IP Phone,146
18975,AVK IP Phone,146
18978,AVK IP Phone,146
18994,AVK IP Phone,146
18976,AVK IP Phone,146
19002,AVK IP Phone,146
19008,AVK IP Phone,146
19939,AVK IP Phone,146
19358,AVK IP Phone,146
19771,AVK IP Phone,146
19980,AVK IP Phone,146
20319,AVK IP Phone,146
17772,AVK Printer,71
22271,AVK IP Phone,146
17871,AVK IP Phone,146
18292,AVK IP Phone,146
18522,AVK IP Phone,146
17867,AVK IP Phone,146
19258,AVK IP Phone,146
17869,AVK IP Phone,146
17868,AVK IP Phone,146
17870,AVK IP Phone,146
17866,AVK IP Phone,146
21418,AVK IP Phone,146
19922,AVK IP Phone,146
19923,AVK IP Phone,146
21393,AVK IP Phone,146
19921,AVK IP Phone,146
21394,AVK IP Phone,146
22713,AVK IP Phone,146
22352,AVK IP Phone,146
22359,AVK IP Phone,146
22373,AVK IP Phone,146
22376,AVK IP Phone,146
22353,AVK IP Phone,146
22351,AVK IP Phone,146
22361,AVK IP Phone,146
22375,AVK IP Phone,146
19882,AVK IP Phone,146
19880,AVK IP Phone,146
19879,AVK IP Phone,146
19875,AVK IP Phone,146
19881,AVK IP Phone,146
19873,AVK IP Phone,146
19877,AVK IP Phone,146
19878,AVK IP Phone,146
19874,AVK IP Phone,146
19876,AVK IP Phone,146
19945,AVK IP Phone,146
20005,AVK IP Phone,146
20006,AVK IP Phone,146
20219,AVK IP Phone,146
20301,AVK IP Phone,146
20302,AVK IP Phone,146
20303,AVK IP Phone,146
20304,AVK IP Phone,146
20323,AVK IP Phone,146
20918,AVK IP Phone,146
22362,AVK IP Phone,146
22367,AVK IP Phone,146
22370,AVK IP Phone,146
22369,AVK IP Phone,146
22378,AVK IP Phone,146
22403,AVK IP Phone,146
22435,AVK IP Phone,146
22478,AVK IP Phone,146
22536,AVK IP Phone,146
22545,AVK IP Phone,146
22629,AVK IP Phone,146
22635,AVK IP Phone,146
22643,AVK IP Phone,146
22645,AVK IP Phone,146
22646,AVK IP Phone,146
22660,AVK IP Phone,146
22664,AVK IP Phone,146
22674,AVK IP Phone,146
22712,AVK IP Phone,146
22716,AVK IP Phone,146
22717,AVK IP Phone,146
22718,AVK IP Phone,146
22884,AVK IP Phone,146
22883,AVK IP Phone,146
22932,AVK IP Phone,146
22992,AVK IP Phone,146
23009,AVK IP Phone,146
23075,AVK IP Phone,146
23074,AVK IP Phone,146
23077,AVK IP Phone,146
23129,AVK IP Phone,146
23181,AVK IP Phone,146
23194,AVK IP Phone,146
23170,AVK IP Phone,146
23185,AVK IP Phone,146
23197,AVK IP Phone,146
22714,AVK IP Phone,146
23172,AVK IP Phone,146
23178,AVK IP Phone,146
23177,AVK IP Phone,146
23171,AVK IP Phone,146
23192,AVK IP Phone,146
23175,AVK IP Phone,146
23187,AVK IP Phone,146
23165,AVK IP Phone,146
23200,AVK IP Phone,146
23189,AVK IP Phone,146
23167,AVK IP Phone,146
23169,AVK IP Phone,146
23198,AVK IP Phone,146
23166,AVK IP Phone,146
23173,AVK IP Phone,146
23195,AVK IP Phone,146
23183,AVK IP Phone,146
23184,AVK IP Phone,146
23180,AVK IP Phone,146
23176,AVK IP Phone,146
23186,AVK IP Phone,146
23174,AVK IP Phone,146
23188,AVK IP Phone,146
23196,AVK IP Phone,146
23199,AVK IP Phone,146
23182,AVK IP Phone,146
23193,AVK IP Phone,146
23179,AVK IP Phone,146
23190,AVK IP Phone,146
23191,AVK IP Phone,146
23211,AVK IP Phone,146
23212,AVK IP Phone,146
23226,AVK IP Phone,146
23239,AVK IP Phone,146
23287,AVK IP Phone,146
23286,AVK IP Phone,146
23288,AVK IP Phone,146
23284,AVK IP Phone,146
23289,AVK IP Phone,146
23290,AVK IP Phone,146
23319,AVK IP Phone,146
22365,AVK IP Phone,146
22372,AVK IP Phone,146
22358,AVK IP Phone,146
22357,AVK IP Phone,146
22355,AVK IP Phone,146
22374,AVK IP Phone,146
22360,AVK IP Phone,146
22364,AVK IP Phone,146
22356,AVK IP Phone,146
22354,AVK IP Phone,146
22366,AVK IP Phone,146
22368,AVK IP Phone,146
22371,AVK IP Phone,146
22363,AVK IP Phone,146
22377,AVK IP Phone,146
22433,AVK IP Phone,146
22577,AVK IP Phone,146
17766,AVK Printer,71
18888,AVK Access Point,48
18889,AVK Access Point,48
23080,AVK Printer,71
21349,AVK Printer,71
17903,AVK IP Phone,146
18868,AVK Access Point,48
18891,AVK Access Point,48
21298,AVK Network Storage,150
21283,AVK Firewall,111
18438,AVK IP Phone,146
17465,AVK Network Storage,150
17543,AVK Network Storage,150
21378,AVK Network Storage,150
22270,AVK Network Storage,150
17546,AVK Network Storage,150
17374,AVK Firewall,111
22677,AVK Switch,149
19379,AVK Firewall,111
19047,AVK UPS,29
18472,AVK Firewall,111
21068,AVK Network Storage,150
18478,AVK Switch,149
18479,AVK Switch,149
18473,AVK Switch,149
20041,AVK Switch,149
20930,AVK Switch,149
19904,AVK Hypervisor,151
20324,AVK Network Storage,150
22424,AVK Switch,149
22254,AVK Printer,71
22901,AVK Hypervisor,151
22484,AVK Firewall,111
22524,AVK Switch,149
22504,AVK Switch,149
22913,AVK Network Storage,150
22498,AVK UPS,29
19903,AVK Hypervisor,151
20037,AVK Switch,149
18477,AVK Printer,71
18456,AVK IP Phone,146
17958,AVK Printer,71
18021,AVK Printer,71
19791,AVK Printer,71
18138,AVK Printer,71
18137,AVK Printer,71
18011,AVK Printer,71
18028,AVK Printer,71
18032,AVK Printer,71
18136,AVK Printer,71
21046,AVK Printer,71
22427,AVK Printer,71
21672,AVK Printer,71
21034,AVK Printer,71
19030,AVK Printer,71
18454,AVK Printer,71
18636,AVK Printer,71
19033,AVK Printer,71
22407,AVK Printer,71
20977,AVK Printer,71
20976,AVK Printer,71
20203,AVK Printer,71
20240,AVK Printer,71
22421,AVK Printer,71
23159,AVK Printer,71
21032,AVK Printer,71
18560,AVK Firewall,111
19040,AVK Switch,149
20097,AVK Firewall,111
18559,AVK Firewall,111
19226,AVK Hypervisor,151
19041,AVK Hypervisor,151
21530,AVK Hypervisor,151
21529,AVK Hypervisor,151
19043,AVK Hypervisor,151
18962,AVK Printer,71
22908,AVK Network Storage,150
22909,AVK Network Storage,150
22876,AVK Network Storage,150
20561,AVK IP Phone,146
20560,AVK IP Phone,146
18626,AVK Switch,149
18625,AVK Switch,149
18624,AVK Firewall,111
20932,AVK Printer,71
18803,AVK Printer,71
18805,AVK Printer,71
17810,AVK Printer,71
23247,AVK Printer,71
19843,AVK Printer,71
18452,AVK Access Point,48
21391,AVK Switch,149
23279,AVK IP Phone,146
20079,AVK Printer,71
22292,AVK IP Phone,146
21534,AVK IP Phone,146
22715,AVK Printer,71
21694,AVK IP Phone,146
22323,AVK IP Phone,146
22479,AVK IP Phone,146
21357,AVK Switch,149
21413,AVK Printer,71
12431,AVK Firewall,111
22514,AVK Printer,71
22322,AVK IP Phone,146
22485,AVK Switch,149
22511,AVK Printer,71
22502,AVK Printer,71
22520,AVK Printer,71
22732,AVK Router,154
22543,AVK Printer,71
22529,AVK Printer,71
21202,AVK Printer,71
21458,AVK Printer,71
19034,AVK PBX,156
20418,AVK IP Phone,146
20525,AVK IP Phone,146
20419,AVK IP Phone,146
20398,AVK IP Phone,146
20190,AVK Firewall,111
20386,AVK IP Phone,146
20404,AVK IP Phone,146
20624,AVK IP Phone,146
20397,AVK IP Phone,146
19399,AVK Switch,149
20403,AVK IP Phone,146
20396,AVK IP Phone,146
20378,AVK IP Phone,146
20434,AVK IP Phone,146
20385,AVK IP Phone,146
20392,AVK IP Phone,146
20432,AVK IP Phone,146
20431,AVK IP Phone,146
20430,AVK IP Phone,146
20393,AVK IP Phone,146
20595,AVK IP Phone,146
20409,AVK IP Phone,146
20399,AVK IP Phone,146
20394,AVK IP Phone,146
20375,AVK IP Phone,146
20405,AVK IP Phone,146
20374,AVK IP Phone,146
22241,AVK Switch,149
19684,AVK Switch,149
20546,AVK IP Phone,146
20549,AVK IP Phone,146
20401,AVK IP Phone,146
19978,AVK Switch,149
18965,AVK Switch,149
18967,AVK Switch,149
18966,AVK Switch,149
18777,AVK Switch,149
21336,AVK Switch,149
18779,AVK Switch,149
19237,AVK Firewall,111
19313,AVK Firewall,111
11964,AVK Hypervisor,151
21324,AVK Hypervisor,151
21325,AVK Hypervisor,151
19854,AVK Switch,149
19853,AVK Switch,149
19971,AVK Network Storage,150
19774,AVK Switch,149
20425,AVK IP Phone,146
18882,AVK Access Point,48
18883,AVK Access Point,48
18863,AVK Access Point,48
18893,AVK Access Point,48
18867,AVK Access Point,48
18873,AVK Access Point,48
21334,AVK Switch,149
17724,AVK Switch,149
17624,AVK Hypervisor,151
17625,AVK Hypervisor,151
19866,AVK Switch,149
17718,AVK Switch,149
19865,AVK Switch,149
17719,AVK Switch,149
19864,AVK Switch,149
17723,AVK Switch,149
17722,AVK Switch,149
19862,AVK Switch,149
17721,AVK Switch,149
19976,AVK Switch,149
17720,AVK Switch,149
19977,AVK Switch,149
19782,AVK Network Storage,150
19863,AVK Switch,149
18908,AVK Access Point,48
18905,AVK Access Point,48
18911,AVK Access Point,48
18907,AVK Access Point,48
18913,AVK Access Point,48
18909,AVK Access Point,48
18915,AVK Access Point,48
18900,AVK Access Point,48
18910,AVK Access Point,48
18904,AVK Access Point,48
18916,AVK Access Point,48
18901,AVK Access Point,48
18906,AVK Access Point,48
17622,AVK Access Point,48
17623,AVK Access Point,48
18474,AVK Access Point,48
18486,AVK Access Point,48
20357,AVK Access Point,48
18487,AVK Access Point,48
20987,AVK Access Point,48
22332,AVK Access Point,48
22443,AVK Switch,149
18482,AVK Access Point,48
18471,AVK Access Point,48
18475,AVK Access Point,48
18484,AVK Access Point,48
23078,AVK Access Point,48
18481,AVK Access Point,48
18470,AVK Access Point,48
20356,AVK Access Point,48
20084,AVK IP Phone,146
19238,AVK Printer,71
18284,AVK IP Phone,146
18388,AVK Printer,71
19343,AVK Switch,149
22549,AVK IP Phone,146
19336,AVK Switch,149
18786,AVK Switch,149
17786,AVK Printer,71
23320,AVK Printer,71
21026,AVK Switch,149
18674,AVK Switch,149
21355,AVK Switch,149
21304,AVK Switch,149
18675,AVK Switch,149
17931,AVK Switch,149
19707,AVK Printer,71
21319,AVK Printer,71
21054,AVK Printer,71
23278,AVK Printer,71
21509,AVK Printer,71
17784,AVK Printer,71
19656,AVK Printer,71
17788,AVK Printer,71
19997,AVK Printer,71
20307,AVK Printer,71
19370,AVK Printer,71
18207,AVK Printer,71
18940,AVK Printer,71
17787,AVK Printer,71
18681,AVK Printer,71
18635,AVK Printer,71
18771,AVK Printer,71
21024,AVK Printer,71
21381,AVK Printer,71
18072,AVK Printer,71
21031,AVK Printer,71
19706,AVK Printer,71
19304,AVK Printer,71
19371,AVK Printer,71
18265,AVK Printer,71
21051,AVK Printer,71
21073,AVK Printer,71
21469,AVK Printer,71
18932,AVK Printer,71
20686,AVK Printer,71
18938,AVK Printer,71
21309,AVK Printer,71
22347,AVK Printer,71
23330,AVK Printer,71
21532,AVK Printer,71
18676,AVK Printer,71
21194,AVK Printer,71
18332,AVK Printer,71
18607,AVK Switch,149
18445,AVK Printer,71
17790,AVK Printer,71
20017,AVK Printer,71
18264,AVK Printer,71
19763,AVK Printer,71
20010,AVK Access Point,48
22164,AVK Printer,71
21352,AVK Switch Stack,149
17891,AVK PBX,156
12001,AVK Hypervisor,151
18317,AVK Printer,71
18334,AVK Printer,71
19423,AVK Printer,71
18337,AVK Printer,71
18757,AVK PBX,156
17805,AVK Printer,71
21307,AVK Printer,71
21330,AVK Printer,71
18679,AVK Printer,71
18175,AVK Printer,71
18134,AVK Printer,71
18173,AVK Printer,71
18174,AVK Printer,71
21310,AVK Printer,71
21434,AVK Printer,71
21433,AVK Printer,71
19614,AVK Printer,71
18176,AVK Printer,71
18172,AVK Printer,71
19318,AVK Printer,71
22602,AVK Printer,71
19658,AVK Printer,71
18170,AVK Printer,71
20269,AVK Printer,71
17922,AVK Printer,71
18171,AVK Printer,71
19615,AVK Printer,71
17781,AVK Printer,71
17760,AVK Printer,71
20205,AVK IP Phone,146
19920,AVK IP Phone,146
20100,AVK Printer,71
21420,AVK Firewall,111
23260,AVK Firewall,111
19849,AVK Firewall,111
21377,AVK Switch,149
21128,AVK Switch,149
21109,AVK Switch,149
21127,AVK Switch,149
19618,AVK Layer 3 Switch,149
18614,AVK Printer,71
22350,AVK IP Phone,146
21454,AVK Switch,149
22882,AVK IP Phone,146
22670,AVK IP Phone,146
22993,AVK IP Phone,146
18812,AVK Hypervisor,151
23128,AVK Hypervisor,151
19269,AVK Hypervisor,151
23238,AVK Hypervisor,151
19743,AVK Access Point,48
19579,AVK Access Point,48
19581,AVK Access Point,48
22557,AVK Switch,149
19591,AVK Switch,149
19562,AVK Switch,149
19590,AVK Switch,149
19589,AVK Switch,149
19588,AVK Switch,149
19592,AVK Switch,149
19550,AVK Access Point,48
22556,AVK Switch,149
19599,AVK Access Point,48
19732,AVK Access Point,48
19598,AVK Switch,149
19571,AVK Access Point,48
19580,AVK Access Point,48
19444,AVK Switch,149
20123,AVK Access Point,48
19730,AVK Access Point,48
20142,AVK Access Point,48
19578,AVK Access Point,48
19577,AVK Access Point,48
19551,AVK Access Point,48
19569,AVK Access Point,48
19752,AVK Access Point,48
19573,AVK Access Point,48
19561,AVK Access Point,48
20140,AVK Access Point,48
20129,AVK Access Point,48
20268,AVK Access Point,48
19585,AVK Access Point,48
19660,AVK Access Point,48
19568,AVK Access Point,48
19582,AVK Access Point,48
20141,AVK Access Point,48
19549,AVK Access Point,48
20139,AVK Access Point,48
19575,AVK Access Point,48
20124,AVK Access Point,48
19443,AVK Access Point,48
19456,AVK Access Point,48
19587,AVK Access Point,48
19565,AVK Access Point,48
22672,AVK Access Point,48
22558,AVK Access Point,48
22671,AVK Access Point,48
19754,AVK Access Point,48
19584,AVK Access Point,48
19557,AVK Access Point,48
19567,AVK Access Point,48
19572,AVK Access Point,48
19586,AVK Access Point,48
19723,AVK Access Point,48
19563,AVK Access Point,48
19583,AVK Access Point,48
19558,AVK Access Point,48
19566,AVK Access Point,48
19556,AVK Access Point,48
19663,AVK Access Point,48
19553,AVK Access Point,48
19554,AVK Access Point,48
19560,AVK Access Point,48
19574,AVK Access Point,48
22570,AVK Access Point,48
19576,AVK Access Point,48
19737,AVK Access Point,48
19552,AVK Access Point,48
19662,AVK Access Point,48
19728,AVK Access Point,48
19555,AVK Access Point,48
22409,AVK Access Point,48
20202,AVK Access Point,48
22567,AVK Access Point,48
19620,AVK Access Point,48
19753,AVK Access Point,48
19621,AVK Access Point,48
19564,AVK Access Point,48
19559,AVK Access Point,48
19661,AVK Access Point,48
19756,AVK Access Point,48
19570,AVK Access Point,48
19596,AVK Access Point,48
18813,AVK Network Storage,150
22881,AVK IP Phone,146
20177,AVK Firewall,111
22669,AVK IP Phone,146
19870,AVK IP Phone,146
17771,AVK Printer,71
18755,AVK Hypervisor,151
18756,AVK Hypervisor,151
18781,AVK Printer,71
23113,AVK Printer,71
18774,AVK Printer,71
19197,AVK Printer,71
19199,AVK Printer,71
19202,AVK Printer,71
19201,AVK Printer,71
19200,AVK Printer,71
19198,AVK Printer,71
19196,AVK Printer,71
17778,AVK Printer,71
17807,AVK Printer,71
20206,AVK Printer,71
20270,AVK Printer,71
19762,AVK Printer,71
22647,AVK IP Phone,146
19380,AVK Printer,71
21337,AVK Printer,71
21340,AVK Printer,71
21346,AVK Printer,71
22619,AVK Switch,149
19891,AVK IP Phone,146
21437,AVK Access Point,48
21351,AVK Printer,71
21516,AVK Printer,71
18808,AVK Printer,71
17528,AVK Time Clock,146
21353,AVK Time Clock,146
17571,AVK Time Clock,146
21344,AVK Time Clock,146
21354,AVK Time Clock,146
18899,AVK Access Point,48
18606,AVK Access Point,48
22886,AVK IP Phone,146
19296,AVK Hypervisor,151
18331,AVK UPS,29
21125,AVK IP Phone,146
19210,AVK IP Phone,146
20047,AVK IP Phone,146
20363,AVK Printer,71
19302,AVK IP Phone,146
19212,AVK IP Phone,146
22255,AVK Switch,149
20089,AVK IP Phone,146
20266,AVK IP Phone,146
20540,AVK IP Phone,146
20559,AVK IP Phone,146
18196,AVK Printer,71
18590,AVK Printer,71
18879,AVK Access Point,48
17913,AVK Switch,149
23317,AVK Access Point,48
21987,AVK Access Point,48
23294,AVK Access Point,48
23296,AVK Access Point,48
23318,AVK Switch,149
23295,AVK Switch,149
19227,AVK UPS,29
21321,AVK Firewall,111
18881,AVK Access Point,48
21279,AVK Printer,71
21271,AVK Printer,71
21520,AVK IP Phone,146
23297,AVK Switch,149
20189,AVK IP Phone,146
20251,AVK Access Point,48
17809,AVK Printer,71
17908,AVK Switch,149
17909,AVK Switch,149
20058,AVK Switch,149
20063,AVK Switch,149
17941,AVK Switch,149
19469,AVK Switch,149
18450,AVK Switch,149
19385,AVK Switch,149
22150,AVK Switch,149
18446,AVK Switch,149
19341,AVK Switch,149
17937,AVK Switch,149
19339,AVK Switch,149
19338,AVK Switch,149
19426,AVK Switch,149
19337,AVK Switch,149
17939,AVK Switch,149
17934,AVK Switch,149
17936,AVK Switch,149
19654,AVK Switch,149
19665,AVK Switch,149
23021,AVK Switch,149
23006,AVK Switch,149
23007,AVK Switch,149
23014,AVK Switch,149
23008,AVK Switch,149
23002,AVK Switch,149
23005,AVK Switch,149
23160,AVK Switch,149
17926,AVK UPS,29
21203,AVK UPS,29
17962,AVK UPS,29
17916,AVK UPS,29
21312,AVK Hypervisor,151
22167,AVK Network Storage,150
18640,AVK Switch,149
18643,AVK Network Storage,150
17895,AVK Network Storage,150
17902,AVK Network Storage,150
17945,AVK Network Storage,150
18013,AVK Network Storage,150
23046,AVK Switch,149
23045,AVK Switch,149
23103,AVK Switch,149
23048,AVK Switch,149
17917,AVK Switch,149
17929,AVK Switch,149
17930,AVK Switch,149
17932,AVK Switch,149
17935,AVK Switch,149
17938,AVK Switch,149
22989,AVK UPS,29
22990,AVK UPS,29
17927,AVK Switch,149
17928,AVK Switch,149
17925,AVK Switch,149
17924,AVK Switch,149
22163,AVK Switch,149
17910,AVK Switch,149
18608,AVK Hypervisor,151
18937,AVK Printer,71
18948,AVK Printer,71
18579,AVK Printer,71
18944,AVK Printer,71
18576,AVK Printer,71
18949,AVK Printer,71
18934,AVK Printer,71
18946,AVK Printer,71
18620,AVK Printer,71
18870,AVK Access Point,48
21290,AVK Firewall,111
20612,AVK IP Phone,146
18603,AVK Firewall,111
19858,AVK IP Phone,146
21285,AVK Network Storage,150
17892,AVK PBX,156
19301,AVK IP Phone,146
18762,AVK Access Point,48
18765,AVK Access Point,48
18764,AVK Access Point,48
18767,AVK Access Point,48
18766,AVK Access Point,48
18861,AVK Access Point,48
18763,AVK Access Point,48
18770,AVK Access Point,48
18768,AVK Access Point,48
18769,AVK Access Point,48
21160,AVK Printer,71
18599,AVK Printer,71
18166,AVK Printer,71
18081,AVK Printer,71
18600,AVK Printer,71
21040,AVK Printer,71
18146,AVK Printer,71
18147,AVK Printer,71
19376,AVK Printer,71
18649,AVK Printer,71
18613,AVK Printer,71
19840,AVK Printer,71
18617,AVK Printer,71
18498,AVK Printer,71
18177,AVK Printer,71
18806,AVK Printer,71
18592,AVK Printer,71
18751,AVK Printer,71
21055,AVK Printer,71
18595,AVK Printer,71
18939,AVK Printer,71
17919,AVK Printer,71
19205,AVK Printer,71
21038,AVK Printer,71
18330,AVK Printer,71
18320,AVK Printer,71
18578,AVK Printer,71
22385,AVK Printer,71
21508,AVK Printer,71
19317,AVK Printer,71
18748,AVK Printer,71
20009,AVK Printer,71
21050,AVK Printer,71
17677,AVK Printer,71
18198,AVK Printer,71
19470,AVK Printer,71
18929,AVK Printer,71
18588,AVK Printer,71
21286,AVK Printer,71
18601,AVK Printer,71
17915,AVK Printer,71
19195,AVK Printer,71
22339,AVK Printer,71
21323,AVK Printer,71
18135,AVK Printer,71
18154,AVK Printer,71
18776,AVK Printer,71
22168,AVK Printer,71
18796,AVK Printer,71
21506,AVK Printer,71
18149,AVK Printer,71
19792,AVK Printer,71
19841,AVK Printer,71
18304,AVK Printer,71
18144,AVK Printer,71
20974,AVK Printer,71
17914,AVK Printer,71
19191,AVK Printer,71
18517,AVK Printer,71
18521,AVK Printer,71
19024,AVK Printer,71
18277,AVK Printer,71
18518,AVK Printer,71
21170,AVK Printer,71
18797,AVK Printer,71
18141,AVK Printer,71
18598,AVK Printer,71
18918,AVK Printer,71
19905,AVK Printer,71
17896,AVK Printer,71
19348,AVK Printer,71
17901,AVK Printer,71
18581,AVK Printer,71
18150,AVK Printer,71
18164,AVK Printer,71
17897,AVK Printer,71
18126,AVK Printer,71
18128,AVK Printer,71
18132,AVK Printer,71
18148,AVK Printer,71
18753,AVK Printer,71
19272,AVK Printer,71
20361,AVK Printer,71
21282,AVK Printer,71
20048,AVK Printer,71
21287,AVK Printer,71
18169,AVK Printer,71
18158,AVK Printer,71
18161,AVK Printer,71
18156,AVK Printer,71
17923,AVK Printer,71
18163,AVK Printer,71
18596,AVK Printer,71
18115,AVK Printer,71
18124,AVK Printer,71
18130,AVK Printer,71
18120,AVK Printer,71
18127,AVK Printer,71
18131,AVK Printer,71
18133,AVK Printer,71
17918,AVK Printer,71
18125,AVK Printer,71
18121,AVK Printer,71
18122,AVK Printer,71
18586,AVK Printer,71
18936,AVK Printer,71
19319,AVK Printer,71
18618,AVK Printer,71
20093,AVK Printer,71
18538,AVK Printer,71
20178,AVK Printer,71
18160,AVK Printer,71
18165,AVK Printer,71
21049,AVK Printer,71
18541,AVK Printer,71
21505,AVK Printer,71
17911,AVK Printer,71
17715,AVK Printer,71
18605,AVK Printer,71
17785,AVK Printer,71
20051,AVK Printer,71
18151,AVK Printer,71
18167,AVK Printer,71
18750,AVK Printer,71
18424,AVK Printer,71
21322,AVK Printer,71
18324,AVK Printer,71
18585,AVK Printer,71
18583,AVK Printer,71
20049,AVK Printer,71
18168,AVK Printer,71
18143,AVK Printer,71
19351,AVK Printer,71
18623,AVK Printer,71
18142,AVK Printer,71
21045,AVK Printer,71
21036,AVK Printer,71
21039,AVK Printer,71
18123,AVK Printer,71
20013,AVK Printer,71
18155,AVK Printer,71
18157,AVK Printer,71
18162,AVK Printer,71
18145,AVK Printer,71
19701,AVK Printer,71
18262,AVK Printer,71
18587,AVK Printer,71
19190,AVK Printer,71
18275,AVK Printer,71
18746,AVK Printer,71
18752,AVK Printer,71
18749,AVK Printer,71
21245,AVK Printer,71
23209,AVK UPS,29
18152,AVK Printer,71
18580,AVK Printer,71
17714,AVK Printer,71
18140,AVK Printer,71
18153,AVK Printer,71
18593,AVK Printer,71
18574,AVK Printer,71
18945,AVK Printer,71
18159,AVK Printer,71
17933,AVK Printer,71
20975,AVK Printer,71
18639,AVK Printer,71
21041,AVK Printer,71
20053,AVK Printer,71
20054,AVK Printer,71
20934,AVK Printer,71
20055,AVK Printer,71
20933,AVK Printer,71
17899,AVK Printer,71
22744,AVK Firewall,111
18602,AVK Access Point,48
20114,AVK IP Phone,146
12514,AVK Firewall,111
19349,AVK Printer,71
17808,AVK Printer,71
18887,AVK Access Point,48
17898,AVK Switch,149
17900,AVK Switch,149
17912,AVK Firewall,111
17921,AVK Firewall,111
17992,AVK Access Point,48
17998,AVK Access Point,48
21670,AVK IP Phone,146
22333,AVK Printer,71
17797,AVK Printer,71
22251,AVK IP Phone,146
19850,AVK PBX,156
18111,AVK Printer,71
19705,AVK Printer,71
21124,AVK Printer,71
18326,AVK Printer,71
21883,AVK Access Point,48
22304,AVK Printer,71
21918,AVK Access Point,48
22497,AVK UPS,29
21440,AVK IP Phone,146
21030,AVK Printer,71
21029,AVK Printer,71
21028,AVK Printer,71
21359,AVK Printer,71
18329,AVK Printer,71
18914,AVK Switch,149
18902,AVK Switch,149
23001,AVK Switch,149
22405,AVK Switch,149
19027,AVK Switch,149
21350,AVK Switch,149
19026,AVK Switch,149
19223,AVK Switch,149
19381,AVK Printer,71
17803,AVK Printer,71
17783,AVK Printer,71
17762,AVK Printer,71
18460,AVK Printer,71
17775,AVK Printer,71
17794,AVK Printer,71
22408,AVK Printer,71
21673,AVK Printer,71
17820,AVK IP Phone,146
17765,AVK Printer,71
17814,AVK Printer,71
17816,AVK Printer,71
20029,AVK Printer,71
17768,AVK Printer,71
17815,AVK Printer,71
17813,AVK Printer,71
17817,AVK Printer,71
18919,AVK Printer,71
18351,AVK IP Phone,146
21347,AVK Access Point,48
21356,AVK Access Point,48
21455,AVK Switch,149
22512,AVK Access Point,48
22914,AVK Printer,71
17780,AVK Printer,71
21280,AVK Network Storage,150
18203,AVK Switch,149
17767,AVK Printer,71
17779,AVK Printer,71
19860,AVK IP Phone,146
18680,AVK UPS,29
21044,AVK UPS,29
19855,AVK Firewall,111
19704,AVK Access Point,48
19871,AVK Access Point,48
19526,AVK IP Phone,146
21074,AVK Access Point,48
19530,AVK Printer,71
21538,AVK Printer,71
21522,AVK Printer,71
22661,AVK IP Phone,146
18318,AVK Printer,71
18743,AVK Printer,71
18129,AVK Printer,71
22470,AVK Access Point,48
22471,AVK Access Point,48
22933,AVK Access Point,48
20111,AVK Access Point,48
18875,AVK Access Point,48
21498,AVK Printer,71
22404,AVK Printer,71
18912,AVK UPS,29
18864,AVK Access Point,48
18871,AVK Access Point,48
17812,AVK Printer,71
18895,AVK UPS,29
17707,AVK Printer,71
18858,AVK Firewall,111
19346,AVK Firewall,111
17957,AVK Access Point,48
17955,AVK Access Point,48
23047,AVK Switch,149
23013,AVK Access Point,48
23015,AVK Access Point,48
19312,AVK Switch,149
22415,AVK Printer,71
18860,AVK Security Appliance,158
18391,AVK Switch,149
18396,AVK Switch,149
18199,AVK Switch,149
22240,AVK Layer 3 Switch,149
18416,AVK Switch,149
18197,AVK Network Storage,150
18293,AVK Layer 3 Switch,149
21531,AVK Layer 3 Switch,149
17759,AVK Layer 3 Switch,149
19531,AVK Switch,149
17753,AVK Switch,149
17754,AVK Switch,149
17755,AVK Switch,149
19595,AVK Switch,149
20237,AVK Access Point,48
20236,AVK Access Point,48
20355,AVK Access Point,48
20277,AVK Access Point,48
20044,AVK Switch,149
20040,AVK PBX,156
20235,AVK Access Point,48
20227,AVK Access Point,48
20238,AVK Access Point,48
20229,AVK Access Point,48
20228,AVK Access Point,48
20232,AVK Access Point,48
20230,AVK Access Point,48
20234,AVK Access Point,48
20231,AVK Access Point,48
20226,AVK Access Point,48
20239,AVK Switch,149
20690,AVK Access Point,48
20244,AVK Access Point,48
20247,AVK Access Point,48
20254,AVK Access Point,48
20246,AVK Access Point,48
20242,AVK Access Point,48
20253,AVK Access Point,48
20272,AVK Access Point,48
20241,AVK Access Point,48
20275,AVK Access Point,48
20249,AVK Access Point,48
20243,AVK Access Point,48
20271,AVK Access Point,48
20273,AVK Access Point,48
20274,AVK Access Point,48
20248,AVK Access Point,48
20245,AVK Access Point,48
20250,AVK Access Point,48
21099,AVK Switch,149
18190,AVK Firewall,111
18634,AVK Switch,149
22916,AVK Switch,149
17758,AVK Switch,149
17751,AVK Switch Stack,149
17757,AVK Switch,149
19045,AVK Switch,149
17750,AVK Switch Stack,149
17756,AVK Switch,149
18188,AVK Firewall,111
18186,AVK Network Storage,150
18192,AVK Firewall,111
23254,AVK Switch,149
23255,AVK Switch,149
23252,AVK Layer 3 Switch,149
23253,AVK Layer 3 Switch,149
21153,AVK Hypervisor,151
21199,AVK Hypervisor,151
18184,AVK Hypervisor,151
18183,AVK Hypervisor,151
18185,AVK Hypervisor,151
18398,AVK Access Point,48
18411,AVK Access Point,48
20233,AVK Access Point,48
18397,AVK Access Point,48
18399,AVK Access Point,48
18404,AVK Access Point,48
18407,AVK Access Point,48
18410,AVK Access Point,48
18405,AVK Access Point,48
18408,AVK Access Point,48
18402,AVK Access Point,48
18400,AVK Access Point,48
18403,AVK Access Point,48
18409,AVK Access Point,48
18401,AVK Access Point,48
18406,AVK Access Point,48
18412,AVK Access Point,48
22400,AVK Access Point,48
21303,AVK Switch,149
19283,AVK Access Point,48
18670,AVK Firewall,111
17433,AVK Network Storage,150
17946,AVK Access Point,48
18007,AVK Wireless Controller,48
21905,AVK Access Point,48
22066,AVK Access Point,48
21985,AVK Access Point,48
21978,AVK Access Point,48
21848,AVK Access Point,48
22079,AVK Access Point,48
21939,AVK Access Point,48
21859,AVK Access Point,48
21881,AVK Access Point,48
22088,AVK Access Point,48
21961,AVK Access Point,48
21925,AVK Access Point,48
21870,AVK Access Point,48
21879,AVK Access Point,48
21948,AVK Access Point,48
22043,AVK Access Point,48
21847,AVK Access Point,48
21851,AVK Access Point,48
22048,AVK Access Point,48
22131,AVK Access Point,48
22122,AVK Access Point,48
22032,AVK Access Point,48
22031,AVK Access Point,48
21904,AVK Access Point,48
22130,AVK Access Point,48
21931,AVK Access Point,48
22027,AVK Access Point,48
22123,AVK Access Point,48
22097,AVK Access Point,48
21945,AVK Access Point,48
21986,AVK Access Point,48
22106,AVK Access Point,48
21921,AVK Access Point,48
22022,AVK Access Point,48
21923,AVK Access Point,48
22126,AVK Access Point,48
21887,AVK Access Point,48
21938,AVK Access Point,48
22046,AVK Access Point,48
22069,AVK Access Point,48
22095,AVK Access Point,48
21831,AVK Access Point,48
21864,AVK Access Point,48
22061,AVK Access Point,48
21974,AVK Access Point,48
21952,AVK Access Point,48
22064,AVK Access Point,48
21869,AVK Access Point,48
21856,AVK Access Point,48
22107,AVK Access Point,48
22020,AVK Access Point,48
21838,AVK Access Point,48
22134,AVK Access Point,48
22139,AVK Access Point,48
21850,AVK Access Point,48
22071,AVK Access Point,48
22127,AVK Access Point,48
21922,AVK Access Point,48
21924,AVK Access Point,48
21834,AVK Access Point,48
21860,AVK Access Point,48
22124,AVK Access Point,48
21944,AVK Access Point,48
22105,AVK Access Point,48
22040,AVK Access Point,48
21970,AVK Access Point,48
22026,AVK Access Point,48
21900,AVK Access Point,48
22050,AVK Access Point,48
22001,AVK Access Point,48
21930,AVK Access Point,48
21830,AVK Access Point,48
22052,AVK Access Point,48
22101,AVK Access Point,48
22129,AVK Access Point,48
21990,AVK Access Point,48
22045,AVK Access Point,48
21996,AVK Access Point,48
21882,AVK Access Point,48
22065,AVK Access Point,48
22136,AVK Access Point,48
22002,AVK Access Point,48
22125,AVK Access Point,48
22096,AVK Access Point,48
21977,AVK Access Point,48
21840,AVK Access Point,48
21916,AVK Access Point,48
22007,AVK Access Point,48
21975,AVK Access Point,48
22091,AVK Access Point,48
22072,AVK Access Point,48
21843,AVK Access Point,48
21949,AVK Access Point,48
21855,AVK Access Point,48
21926,AVK Access Point,48
21863,AVK Access Point,48
21971,AVK Access Point,48
22014,AVK Access Point,48
21878,AVK Access Point,48
22121,AVK Access Point,48
22073,AVK Access Point,48
21903,AVK Access Point,48
21979,AVK Access Point,48
21874,AVK Access Point,48
22054,AVK Access Point,48
21889,AVK Access Point,48
21910,AVK Access Point,48
22135,AVK Access Point,48
21959,AVK Access Point,48
21842,AVK Access Point,48
22003,AVK Access Point,48
21999,AVK Access Point,48
22142,AVK Access Point,48
22062,AVK Access Point,48
21835,AVK Access Point,48
21892,AVK Access Point,48
21936,AVK Access Point,48
21845,AVK Access Point,48
22008,AVK Access Point,48
22025,AVK Access Point,48
21898,AVK Access Point,48
21917,AVK Access Point,48
21994,AVK Access Point,48
22010,AVK Access Point,48
21973,AVK Access Point,48
22058,AVK Access Point,48
22047,AVK Access Point,48
21861,AVK Access Point,48
18119,AVK Printer,71
18180,AVK UPS,29
18181,AVK UPS,29
21829,AVK Access Point,48
21832,AVK Access Point,48
21876,AVK Access Point,48
21983,AVK Access Point,48
21909,AVK Access Point,48
21942,AVK Access Point,48
22049,AVK Access Point,48
21901,AVK Access Point,48
22035,AVK Access Point,48
22120,AVK Access Point,48
22055,AVK Access Point,48
21895,AVK Access Point,48
22074,AVK Access Point,48
22098,AVK Access Point,48
22119,AVK Access Point,48
22009,AVK Access Point,48
21998,AVK Access Point,48
22005,AVK Access Point,48
21841,AVK Access Point,48
21955,AVK Access Point,48
21965,AVK Access Point,48
21951,AVK Access Point,48
21867,AVK Access Point,48
21897,AVK Access Point,48
22013,AVK Access Point,48
21927,AVK Access Point,48
21932,AVK Access Point,48
21912,AVK Access Point,48
21894,AVK Access Point,48
21871,AVK Access Point,48
22143,AVK Access Point,48
21962,AVK Access Point,48
21988,AVK Access Point,48
22051,AVK Access Point,48
22093,AVK Access Point,48
21828,AVK Access Point,48
21995,AVK Access Point,48
21877,AVK Access Point,48
22090,AVK Access Point,48
21899,AVK Access Point,48
21849,AVK Access Point,48
21957,AVK Access Point,48
21875,AVK Access Point,48
22087,AVK Access Point,48
22083,AVK Access Point,48
22113,AVK Access Point,48
22082,AVK Access Point,48
22036,AVK Access Point,48
21991,AVK Access Point,48
22019,AVK Access Point,48
21862,AVK Access Point,48
21989,AVK Access Point,48
22115,AVK Access Point,48
22076,AVK Access Point,48
22034,AVK Access Point,48
21913,AVK Access Point,48
21839,AVK Access Point,48
21858,AVK Access Point,48
21992,AVK Access Point,48
21854,AVK Access Point,48
22033,AVK Access Point,48
21935,AVK Access Point,48
22099,AVK Access Point,48
21896,AVK Access Point,48
22100,AVK Access Point,48
21857,AVK Access Point,48
22094,AVK Access Point,48
22042,AVK Access Point,48
22028,AVK Access Point,48
21920,AVK Access Point,48
22141,AVK Access Point,48
22030,AVK Access Point,48
22110,AVK Access Point,48
21941,AVK Access Point,48
22000,AVK Access Point,48
21933,AVK Access Point,48
22111,AVK Access Point,48
22004,AVK Access Point,48
21966,AVK Access Point,48
21937,AVK Access Point,48
22029,AVK Access Point,48
22431,AVK Printer,71
18347,AVK IP Phone,146
18349,AVK IP Phone,146
18327,AVK Printer,71
20144,AVK Access Point,48
18612,AVK Printer,71
19335,AVK Access Point,48
21360,AVK Printer,71
21361,AVK Printer,71
18276,AVK Printer,71
18278,AVK Printer,71
21333,AVK Printer,71
21332,AVK Printer,71
19362,AVK Access Point,48
19363,AVK Access Point,48
19851,AVK Hypervisor,151
18503,AVK Network Storage,150
18496,AVK Printer,71
19852,AVK Switch,149
19861,AVK Switch,149
18495,AVK UPS,29
19859,AVK IP Phone,146
23302,AVK Switch,149
23301,AVK Switch,149
18641,AVK Firewall,111
21428,AVK Firewall,111
22501,AVK Access Point,48
22500,AVK Access Point,48
22532,AVK Access Point,48
22531,AVK Access Point,48
22503,AVK Access Point,48
22523,AVK Access Point,48
22513,AVK Access Point,48
22530,AVK Access Point,48
17894,AVK PBX,156
20322,AVK Printer,71
17789,AVK Printer,71
17822,AVK Printer,71
19666,AVK Firewall,111
22499,AVK Wireless Controller,48
22492,AVK Firewall,111
22483,AVK Firewall,111
22495,AVK Router,154
21684,AVK Access Point,48
22591,AVK Router,154
18182,AVK Access Point,48
21679,AVK Switch,149
21686,AVK Router,154
17752,AVK UPS,29
20167,AVK Printer,71
22464,AVK Printer,71
20223,AVK Printer,71
20992,AVK Printer,71
19062,AVK Switch,149
20066,AVK Switch,149
19060,AVK Switch,149
19061,AVK Switch,149
19059,AVK Switch,149
19055,AVK UPS,29
19056,AVK UPS,29
19054,AVK UPS,29
19913,AVK Firewall,111
21331,AVK Firewall,111
19872,AVK Hypervisor,151
20364,AVK Switch,149
20360,AVK UPS,29
19063,AVK Switch,149
19057,AVK Hypervisor,151
19783,AVK Network Storage,150
19193,AVK Access Point,48
19192,AVK Access Point,48
19194,AVK Access Point,48
18205,AVK Router,154
18204,AVK Router,154
18201,AVK Router,154
18200,AVK Router,154
21065,AVK Firewall,111
21373,AVK Switch,149
21370,AVK Access Point,48
21371,AVK Access Point,48
21372,AVK Switch,149
21059,AVK Firewall,111
21066,AVK Firewall,111
21052,AVK UPS,29
21056,AVK Network Storage,150
18338,AVK Printer,71
21272,AVK IP Phone,146
18800,AVK Hypervisor,151
18371,AVK Access Point,48
18372,AVK Access Point,48
18373,AVK Access Point,48
18375,AVK Access Point,48
18374,AVK Access Point,48
21108,AVK Access Point,48
18633,AVK Printer,71
18015,AVK Firewall,111
17973,AVK Access Point,48
17954,AVK Access Point,48
18009,AVK Wireless Controller,48
18903,AVK Wireless Controller,48
17873,AVK IP Phone,146
21053,AVK Printer,71
18784,AVK Printer,71
18622,AVK Printer,71
18780,AVK Printer,71
18790,AVK Printer,71
21035,AVK Printer,71
21514,AVK Printer,71
18789,AVK Printer,71
21025,AVK Printer,71
19315,AVK Printer,71
21515,AVK Printer,71
21540,AVK Printer,71
21513,AVK Printer,71
21504,AVK Printer,71
21300,AVK Firewall,111
22559,AVK Firewall,111
18589,AVK Printer,71
17792,AVK Printer,71
17802,AVK Printer,71
17796,AVK Printer,71
17799,AVK Printer,71
17798,AVK Printer,71
17791,AVK Printer,71
17801,AVK Printer,71
17795,AVK Printer,71
19234,AVK Printer,71
18791,AVK Printer,71
22300,AVK Printer,71
18582,AVK Printer,71
18745,AVK Printer,71
22662,AVK Printer,71
18794,AVK Printer,71
17793,AVK Printer,71
18591,AVK Printer,71
18594,AVK Printer,71
19316,AVK Printer,71
21131,AVK Printer,71
20216,AVK Printer,71
23050,AVK Printer,71
22928,AVK Printer,71
22925,AVK Printer,71
22918,AVK Printer,71
22926,AVK Printer,71
22921,AVK Printer,71
22924,AVK Printer,71
22920,AVK Printer,71
22919,AVK Printer,71
